{
    "AWSTemplateFormatVersion": "2010-09-09",
    "Description": "Import test",
    "Resources": {
        "ServiceTable":{
           "Type":"AWS::DynamoDB::Table",
           "Properties":{
              "TableName":"TABLE_A",
              "AttributeDefinitions":[
                 {
                    "AttributeName":"key",
                    "AttributeType":"S"
                 }
              ],
              "KeySchema":[
                 {
                    "AttributeName":"key",
                    "KeyType":"HASH"
                 }
              ],
              "ProvisionedThroughput":{
                 "ReadCapacityUnits":5,
                 "WriteCapacityUnits":1
              }
           }
        }
    }
}